{"root":[
    {"id":1.000000, "number":10000.000000},
    {"id":2.000000, "number":30000.000000}
]}
